product_category_name_english,total_orders,total_items_sold,total_revenue,avg_price,avg_freight_value,avg_review_score
health_beauty,8647,9465,1412089.53,130.28333016376124,18.907322768092975,4.161841873569291
watches_gifts,5495,5859,1264333.12,199.04027649769586,16.75305342208568,4.041133299197815
bed_bath_table,9272,10953,1225209.26,93.43876198301835,18.42184789555373,3.8802611156760705
sports_leisure,7530,8431,1118256.91,113.25495789348832,19.38137350255011,4.13930731823034
computers_accessories,6530,7644,1032723.77,116.26433935112506,18.838194662480376,3.9676870748299318
furniture_decor,6307,8160,880329.92,87.24604044117648,20.637528186274512,3.915012254901961
housewares,5743,6795,758392.25,90.60024871228843,21.010089771891096,4.084326710816777
cool_stuff,3559,3718,691680.89,164.12159763313608,21.914144701452393,4.162183969876278
auto,3810,4140,669454.75,139.84701690821257,21.85702898550725,4.07524154589372
garden_tools,3448,4268,567145.68,110.23788191190252,22.645360824742266,4.0575210871602625
toys,3804,4030,547061.06,116.94453598014888,18.8026253101737,4.176550868486352
baby,2809,2982,466727.65,134.27962441314554,22.235348759222,4.046780684104628
perfumery,3086,3340,443171.63,116.8097754491018,15.87634131736527,4.205838323353293
telephony,4093,4430,379202.62,69.94587584650112,15.652909706546275,3.970880361173815
office_furniture,1254,1668,335211.36,160.7639748201439,40.202068345323745,3.4838129496402876
stationery,2264,2466,269575.05,90.74967153284672,18.567055961070558,4.219991889699919
pet_shop,1688,1924,250614.2,110.02891891891893,20.227941787941788,4.196985446985447
computers,177,199,228349.76,1098.9152763819095,48.57095477386935,4.155778894472362
musical_instruments,611,651,202187.12,283.12709677419355,27.45219662058372,4.182795698924731
electronics,2517,2729,200723.09,56.81345914254305,16.73842433125687,4.038842066691096
small_appliances,609,658,198108.47,277.74182370820665,23.334878419452888,4.193009118541034
unknown,1392,1537,197695.69,111.07783344176968,17.546558230318805,3.9079375406636303
fashion_bags_accessories,1820,1985,179888.29,75.22891183879094,15.394911838790932,4.172544080604534
luggage_accessories,1019,1077,168778.12,128.78517177344474,27.926174558960074,4.336118848653667
consoles_games,1018,1089,167097.73,135.90759412304865,17.53384756657484,4.1005509641873275
construction_tools_construction,736,916,162382.01,155.14027292576418,22.132663755458516,4.067685589519651
home_appliances_2,227,231,118208.52,467.3331168831169,44.392077922077924,4.138528138528138
home_construction,483,596,95022.37,136.58988255033557,22.843624161073823,3.9312080536912752
home_appliances,747,754,93301.78,104.55236074270556,19.19005305039788,4.205349248452697
furniture_living_room,414,495,85045.07,136.0620202020202,35.74620202020202,3.894949494949495
agro_industry_and_commerce,177,206,76203.3,342.55388349514567,27.36504854368932,4.087378640776699
home_confort,392,429,66438.22,135.21783216783217,19.64981351981352,3.836829836829837
air_conditioning,246,289,59854.55,184.5105882352941,22.598581314878892,3.982698961937716
fixed_telephony,212,255,59816.54,216.92239215686274,17.65227450980392,3.7137254901960786
kitchen_dining_laundry_garden_furniture,241,274,57072.97,166.1751094890511,42.120401459854016,4.0036496350364965
audio,348,362,56255.32,139.69779005524862,15.703646408839779,3.794198895027624
books_general_interest,496,537,54182.54,84.36154562383614,16.53703910614525,4.478584729981378
small_appliances_home_oven_and_coffee,72,73,49245.9,638.2131506849315,36.388219178082196,4.438356164383562
construction_tools_lights,242,301,47447.14,132.74750830564784,24.88418604651163,3.9601328903654487
industry_commerce_and_business,232,265,46079.340000000004,145.27852830188678,28.60577358490566,4.079245283018868
construction_tools_safety,159,183,42504.02,211.87551912568307,20.38688524590164,3.9453551912568305
food,441,499,35794.68,57.57745490981964,14.155370741482965,4.160320641282565
market_place,274,305,33114.38,91.13367213114755,17.43806557377049,4.045901639344263
costruction_tools_garden,190,232,30283.94,108.17362068965517,22.36060344827586,4.116379310344827
fashion_shoes,235,257,27814.829999999998,89.49984435797666,18.72906614785992,4.223735408560311
signaling_and_security,138,197,27792.59,108.1982233502538,32.88091370558376,4.071065989847716
art,195,197,27485.53,120.08781725888325,19.43263959390863,4.040609137055838
drinks,287,361,26971.11,59.6394459833795,15.072770083102494,4.119113573407202
furniture_bedroom,90,103,23379.22,184.96893203883494,42.01378640776699,4.252427184466019
books_technical,256,263,22901.07,71.11114068441064,15.965171102661598,4.3726235741444865
food_drink,221,269,19337.77,55.54973977695167,16.337881040892196,4.366171003717472
costruction_tools_tools,97,103,17934.170000000002,154.40728155339806,19.710873786407767,4.271844660194175
fashion_male_clothing,106,125,12514.95,83.61864,16.50096,3.728
christmas_supplies,125,150,11928.75,58.25226666666667,21.27273333333333,3.88
fashion_underwear_beach,117,127,11160.02,73.27519685039371,14.598976377952756,4.015748031496063
tablets_printing_image,79,83,8754.61,90.70373493975903,14.773493975903614,4.024096385542169
cine_photo,63,70,7902.18,95.34957142857144,17.538714285714285,4.285714285714286
music,38,38,6724.860000000001,158.79868421052632,18.171315789473685,4.2105263157894735
furniture_mattress_and_upholstery,37,37,5904.75,116.84810810810811,42.739729729729724,3.891891891891892
dvds_blu_ray,56,61,5769.84,74.46868852459016,20.118852459016395,4.180327868852459
party_supplies,38,42,5285.38,106.31404761904763,19.528333333333336,3.8333333333333335
books_imported,50,57,5150.94,77.5238596491228,12.843508771929825,4.508771929824562
portateis_cozinha_e_preparadores_de_alimentos,13,14,4228.05,280.97357142857146,21.03,3.4285714285714284
fashio_female_clothing,36,45,3218.44,58.55422222222222,12.966666666666667,3.933333333333333
fashion_sport,26,29,2657.5499999999997,72.2248275862069,19.414827586206897,4.344827586206897
la_cuisine,13,14,2388.54,146.785,23.825,3.7142857142857144
arts_and_craftmanship,23,24,2184.14,75.58375,15.422083333333333,4.125
diapers_and_hygiene,25,37,2046.19,40.56189189189189,14.74054054054054,3.3783783783783785
flowers,29,33,1598.91,33.63757575757575,14.814242424242424,4.151515151515151
pc_gamer,7,8,1430.1,163.36875,15.393749999999999,3.625
home_comfort_2,24,30,1170.58,25.342333333333332,13.677,3.2666666666666666
cds_dvds_musicals,12,14,954.99,52.142857142857146,16.070714285714285,4.642857142857143
fashion_childrens_clothes,7,7,598.67,74.27857142857144,11.245714285714286,5.0
security_and_services,2,2,324.51,141.64499999999998,20.61,2.5
